{
  "run_id": "2026-02-15T10:59:55Z",
  "git_commit": "903cd8d4f35d",
  "tests": {
    "passed": 11,
    "failed": 0
  },
  "kpis": {
    "net_pnl": 109.10316666666677,
    "profit_factor": 0.7692307692307525,
    "max_drawdown": -6.0,
    "winrate": 0.23529411764705882,
    "win_rate_pct": 23.529411764705884,
    "expectancy_r": -0.1764705882353068,
    "trade_count": 17,
    "avg_holding_hours": 1.25
  }
}